{
  "dimension_espacio": 1073741824,
  "experimento": "Test Real Chunked Matrix-Free 30QB",
  "hilos_utilizados": 4,
  "norma_operador": 29.499999999999996,
  "num_qubits": 30,
  "tiempo_segundos": 79.56580313,
  "timestamp": "2026-07-17T02:32:00Z"
}