{
    "dimension": "24x24",
    "error_residual_post_zne": 3.725291006384811e-9,
    "fuerza_ruido_inicial": 0.9999999999999984,
    "matriz_mitigada_clean": [
        [
            -8.0,
            -1.9999999999999998,
            34.0,
            3.8689999999999998,
            0.0,
            34.0,
            -8.764,
            24.264,
            -1.0,
            -3.401,
            5.211,
            34.00000000000001,
            -3.401,
            5.211,
            -1.5,
            64.0,
            48.0,
            0.8880000000000001,
            4.134000000000001,
            0.2869999999999999,
            53.0,
            -3.39,
            -12.967000000000002,
            36.0
        ],
        [
            131558.0,
            320.00000000000006,
            33.99999999999999,
            867.0000000000001,
            18.0,
            34.0,
            -4.0,
            25.264,
            0.0,
            0.0,
            11.0,
            33.99999999999999,
            0.0,
            11.000000000000002,
            1.0,
            75.60999999999999,
            2000.0000000000002,
            -1.275,
            -13.659,
            -0.64,
            31.359999999999996,
            -3.39,
            5.022000000000001,
            27.199
        ],
        [
            1.281329e6,
            383.99999999999994,
            0.874,
            0.0,
            0.0,
            2026.0000000000002,
            555.9999999999999,
            29.360000000000003,
            33.99999999999999,
            -6.596,
            11.353999999999997,
            1970.0000000000002,
            -6.595999999999999,
            11.354,
            67.0,
            1.36,
            0.0,
            -0.608,
            9.0,
            0.6400000000000001,
            0.64,
            -2.9999999999999996,
            -14.338999999999999,
            31.199
        ],
        [
            1.0,
            512.0,
            320.0,
            10.64,
            179.0,
            34.0,
            0.0,
            19.000000000000004,
            34.00000000000001,
            -1.506,
            36.0,
            -1.0,
            -1.5059999999999998,
            36.0,
            1.5,
            1.36,
            0.0,
            -3.421,
            402.0,
            286.99999999999994,
            24.47,
            -1.8699999999999999,
            10.999999999999998,
            27.359999999999996
        ],
        [
            1.783585154247e12,
            640.0000000000001,
            383.99999999999994,
            -4.772000000000001,
            18.0,
            34.0,
            3.0,
            29.000000000000004,
            34.00000000000001,
            -8.764,
            24.263999999999996,
            0.0,
            -8.764,
            24.263999999999996,
            1.4999999999999998,
            1.0,
            31.999999999999993,
            -3.615,
            -1.9489999999999998,
            0.6400000000000001,
            0.64,
            0.0,
            753.0000000000001,
            30.999999999999996
        ],
        [
            -1.0,
            767.9999999999999,
            512.0,
            10.64,
            -0.357,
            33.99999999999999,
            2.459,
            36.0,
            34.0,
            -3.9999999999999996,
            25.264,
            34.0,
            -4.0,
            25.264,
            1.5,
            19.0,
            31.999999999999993,
            -5.962,
            3.662,
            0.6399999999999999,
            16.0,
            -3.391,
            -0.8580000000000001,
            27.0
        ],
        [
            0.0,
            960.0,
            640.0,
            -10.0,
            0.0,
            34.0,
            5.022,
            4.0,
            34.0,
            556.0000000000001,
            29.36,
            34.0,
            556.0000000000001,
            29.36,
            1.5,
            2.24,
            195.00000000000003,
            -7.124999999999999,
            -3.1899999999999995,
            0.0,
            -0.084,
            1.521,
            1.8559999999999999,
            308.99999999999994
        ],
        [
            900.0000000000001,
            1024.0,
            768.0000000000001,
            -5.867,
            357.0,
            34.00000000000001,
            3.869,
            -5.0,
            33.99999999999999,
            0.0,
            19.0,
            34.0,
            0.0,
            18.999999999999996,
            67.0,
            2.0699000000000005,
            31.0,
            -4.999999999999999,
            6.256,
            64.0,
            0.0,
            -3.391,
            -1.401,
            25.0
        ],
        [
            1.0,
            1152.0,
            960.0000000000001,
            -4.771999999999999,
            0.0,
            319.99999999999994,
            8.208,
            23.0,
            34.00000000000001,
            3.0,
            29.0,
            34.0,
            3.0000000000000004,
            29.0,
            1.4999999999999998,
            4.000000000000001,
            -6.421,
            -3.9470000000000005,
            -3.0000000000000004,
            -0.2869999999999999,
            -0.167,
            3.0000000000000004,
            3.0839999999999996,
            -0.6170000000000001
        ],
        [
            0.0,
            1280.0,
            1023.9999999999998,
            -10.64,
            178.99999999999997,
            384.0,
            3.869,
            0.0,
            34.0,
            2.4589999999999996,
            36.0,
            34.0,
            2.459,
            36.0,
            -1.5,
            4.3500000000000005,
            0.0,
            0.0,
            881.0000000000001,
            0.64,
            0.0019999999999999996,
            2.2669999999999995,
            -1.4009999999999998,
            -0.371
        ],
        [
            0.0,
            1535.9999999999998,
            1152.0,
            -10.64,
            18.0,
            512.0,
            866.9999999999999,
            18.0,
            2026.0000000000002,
            5.021999999999999,
            4.000000000000001,
            33.99999999999999,
            5.021999999999999,
            4.0,
            67.0,
            28.0,
            -12.169,
            -7.040000000000001,
            0.0,
            0.0,
            0.0,
            -1.845,
            269.0,
            673.0000000000001
        ],
        [
            0.0,
            1584.0,
            1280.0,
            -10.0,
            13.0,
            640.0,
            0.0,
            0.0,
            34.0,
            3.8689999999999998,
            -5.000000000000001,
            34.0,
            3.869,
            -5.0,
            -1.5,
            0.0,
            -4.007000000000001,
            3.1760000000000006,
            7.203999999999999,
            85.0,
            -0.08999999999999998,
            4.11,
            0.0,
            -9.000000000000002
        ],
        [
            0.0,
            1.783585154953e12,
            1536.0000000000002,
            -3.1859999999999995,
            0.0,
            768.0,
            10.64,
            179.0,
            34.0,
            8.208,
            23.000000000000004,
            34.0,
            8.208,
            23.0,
            -1.5000000000000002,
            4.16,
            -14.399,
            -7.042,
            2.826,
            19.36,
            0.003,
            -4.113,
            4.115000000000001,
            -0.127
        ],
        [
            0.9999999999999998,
            -8791.999999999998,
            1584.0,
            0.0,
            320.0,
            960.0000000000001,
            -4.772,
            18.0,
            34.0,
            3.869,
            0.0,
            2026.0,
            3.8690000000000007,
            0.0,
