{"estado":"SUCCESS_ORCHESTRATOR_BCI_FLOW","media_espectral":63.02141519213985,"timestamp":"2026-07-14","traza_verificada":1.0,"varianza_espectral":1823.9983150827563,"vector_probabilidades":[0.0,0.011819723713747782,0.011872773702966423,0.011834964746421484,0.011802413927945725,0.011880787117282913,0.011820859239102003,0.011878819116180177,0.01185111690057924,0.011849954882261393,0.011785863364626309,0.01178132504502506,0.011856473356997011,0.011301315707723181,0.009153438654212353,0.011854599730481433,0.011370320020490194,0.01184520036570462,0.01184544320971734,0.011841308291866928,0.011836771893144414,0.011841395987723111,0.011848709055621033,0.011842650156603563,0.011854739395731674,0.012782133909573192,0.011886015356323642,0.01184818040373701,0.011954109125366255,0.011850239283419368,0.011843887646220474,0.011839445976676384,0.01185451157529499,0.01184976719622872,0.01184651720967706,0.0,0.011688237576205882,0.0,0.0,0.0,0.010638394679444935,0.009900131809179575,0.0,0.0004542725354069422,0.011603834113213335,0.0,0.0,0.011843100265791924,0.0,0.0,0.0,8.522525830512336e-17,0.011849188639977597,1.936048813926369e-6,0.0,3.707981348072316e-6,0.0,0.011854368698555212,0.0,1.5141063428501745e-12,0.011848759816412379,0.011843642210684962,0.011847208426644997,0.011852922392617699,0.011847700911780598,0.011840685832755464,0.0,1.029313026237599e-16,1.5564419035238935e-16,0.0002959183846676097,0.0,1.6432291099881215e-7,0.011841047121638627,0.012042093672573594,0.012005849002896167,0.011029945066068155,0.010732672386204171,0.011845291801312217,0.011699743714603951,0.0,0.011630696537856179,0.009433484119623593,0.012077920384708361,0.0,6.880867610212045e-11,5.919691947630494e-17,0.0,0.0,0.0004120989156448301,0.0,0.011832334624264026,0.01180208829984288,0.011834331956296741,0.0,0.0013616402952889774,0.0008155104637298346,0.0,0.0,1.575090004476933e-16,0.0,0.0,2.4017892829991123e-7,0.0,4.833032086064997e-13,0.011854250325680734,0.0,0.011854533797956153,0.011854533797956153,0.011854533797956153,0.011854533797956153,0.011854533797956153,0.011854533797956153,0.011854533797956153,0.011854533797956153,0.011854533797956153,0.011854533797956153,0.011854533797956153,0.011854533797956153,0.011854533797956153,0.011854533797956153,0.011854533797956153,0.011854533797956153,0.011854533797956153,0.011854533797956153,0.011854533797956153,0.011854533797956153,0.011854533797956153,0.011854533797956153,0.011854533797956153,0.011854533797956153]}