{"estado":"SUCCESS_ORCHESTRATOR_BCI_FLOW","media_espectral":63.020685266006495,"timestamp":"2026-07-14","traza_verificada":1.0,"varianza_espectral":1824.0039126768886,"vector_probabilidades":[0.0,0.011806076449899141,0.011687985966247184,0.011834523502841903,0.011868384445385662,0.011806801607394847,0.011851267083510243,0.01189383595707716,0.011848646303767496,0.01183323602459591,0.011911704702443744,0.011919139131188576,0.01182014343577997,0.011198698024715957,0.009158687101224547,0.011853115203941795,0.011410017578893752,0.011868092518650277,0.011845199105487971,0.011847819873592028,0.011869358315466769,0.011861684824827653,0.01183083341231557,0.011878535994644881,0.011848320504290036,0.01277665066766418,0.011884667164223664,0.011855979306730411,0.01195975648709672,0.011854877835573574,0.011836446695842561,0.011855862051241738,0.01182677947994292,0.011846665457499017,0.011830198186622422,0.0,0.01170935558286046,0.0,0.0,0.0,0.010475163652814213,0.010008217391713977,0.0,0.000544284488755133,0.011508515602095225,0.0,0.0,0.011866039196851488,0.0,0.0,0.0,7.524800327250048e-17,0.011853426864696835,1.965073797080037e-6,0.0,3.7851599109695497e-6,0.0,0.011853413441670079,0.0,1.5354464535559096e-12,0.011845011700882965,0.01185096619518127,0.011849809051622211,0.011845675628540046,0.011851200001562071,0.011869501964235946,0.0,8.46022492695376e-17,1.6910418168396837e-16,0.00029491735578248253,0.0,2.2588447558796688e-7,0.011845882908345715,0.0119938561203263,0.012040876102568309,0.011026855823555707,0.010738023621981143,0.011721285522326137,0.011752478538283805,0.0,0.011656660241382176,0.009429006429441061,0.012076256886133499,0.0,6.638199440001474e-11,4.530112394657689e-17,0.0,0.0,0.00041562976940174825,0.0,0.011758289369357171,0.011819029250396787,0.01182961203981416,0.0,0.0013530081413795404,0.0008353999654253611,0.0,0.0,1.5383988660753922e-16,0.0,0.0,3.2913764317513065e-7,0.0,4.879537002789957e-13,0.011855553375471756,0.0,0.011855742203038108,0.011855742203038108,0.011855742203038108,0.011855742203038108,0.011855742203038108,0.011855742203038108,0.011855742203038108,0.011855742203038108,0.011855742203038108,0.011855742203038108,0.011855742203038108,0.011855742203038108,0.011855742203038108,0.011855742203038108,0.011855742203038108,0.011855742203038108,0.011855742203038108,0.011855742203038108,0.011855742203038108,0.011855742203038108,0.011855742203038108,0.011855095447208237,0.011856534338347335,0.011858286000936366]}