{"error":0.0250955995429053,"validacion":"Consistente","valor_calculado":0.4749044004570947,"valor_teorico":0.5}